, |  |  | ['Shopify']
brittandjules.com, |  |  | ['Shopify']
buymbs.com, |  |  | ['AspDotNetStorefront']
clickserve.cc-dt.com, |  |  | ['Host Not Found']
holabirdsports.com, |  |  | ['Shopify']
livingsocial.com, |  |  | ['Host Not Found']
my-bio-zen.com, |  |  | ['Host Not Found']
poshmark.com, |  |  | ['Host Not Found']
samsclub.com, |  |  | ['Host Not Found']
store.yahoo.com, |  |  | ['Host Not Found']
store.yahoo.com, |  |  | ['Host Not Found']
www.Adorama.com, |  |  | ['Host Not Found']
www.DrsFosterSmith.com, |  |  | ['Host Not Found']
www.Educents.com, |  |  | ['Requested Url Was Unavailable']
www.Fanatics.com, |  |  | ['Host Not Found']
www.MidwayUSA.com, |  |  | ['Host Not Found']
www.ReStockIt.com, |  |  | ['Host Not Found']
www.abt.com, |  |  | ['Host Not Found']
www.agrisupply.com, |  |  | ['Host Not Found']
www.allposters.com, |  |  | ['Host Not Found']
www.amazon.com, |  |  | ['Host Not Found']
www.amazon.com, |  |  | ['Host Not Found']
www.americanbookwarehouse.com, |  |  | ['BigCommerce']
www.autoanything.com, |  |  | ['Requested Url Was Unavailable']
www.autogeek.net, |  |  | ['Yahoo Small Business']
www.autopartswarehouse.com, |  |  | ['Host Not Found']
www.autopia-carcare.com, |  |  | ['Yahoo Small Business']
www.backcountry.com, |  |  | ['ATG Web Commerce']
www.basspro.com, |  |  | ['Host Not Found']
www.beallsflorida.com, |  |  | ['Host Not Found']
www.bizchair.com, |  |  | ['Salesforce Commerce Cloud']
www.blendmount.com, |  |  | ['BigCommerce']
www.bluecosmo.com, |  |  | ['Magento']
www.brownells.com, |  |  | ['mojoPortal']
www.build.com, |  |  | ['Host Not Found']
www.bulbamerica.com, |  |  | ['Shopify']
www.carcovers.com, |  |  | ['Magento']
www.carparts.com, |  |  | ['Host Not Found']
www.cellphonecases.com, |  |  | ['Host Not Found']
www.cpooutlets.com, |  |  | ['Salesforce Commerce Cloud']
www.crazycarlsdeals.com, |  |  | ['Host Not Found']
www.crutchfield.com, |  |  | ['Host Not Found']
www.deepdiscount.com, |  |  | ['Host Not Found']
www.denniskirk.com, |  |  | ['Host Not Found']
www.diabeticstreatment.com, |  |  | ['Magento']
www.directvapor.com, |  |  | ['Magento']
www.discounttiredirect.com, |  |  | ['Hybris']
www.doversaddlery.com, |  |  | ['Host Not Found']
www.efaucets.com, |  |  | ['Host Not Found']
www.elitemetaltools.com, |  |  | ['Drupal']
www.emerchantoutlet.com, |  |  | ['Host Not Found']
www.fansedge.com, |  |  | ['Host Not Found']
www.faucetdirect.com?, |  |  | ['Host Not Found']
www.fillernecksupply.com, |  |  | ['BigCommerce']
www.freshnless.com, |  |  | ['Shopify']
www.freshwatersystems.com, |  |  | ['Shopify']
www.frsport.com, |  | ['Host Not Found']
www.groupon.com, |  |  | ['Host Not Found']
www.herroom.com, |  |  | ['Host Not Found']
www.homeclick.com, |  |  | ['Host Not Found']
www.homedepot.com, |  |  | ['Host Not Found']
www.houzz.com, |  |  | ['Host Not Found']
www.jerrysartarama.com, |  |  | ['Magento']
www.jmbullion.com, |  |  | ['WordPress']
www.katom.com, |  |  | ['Laravel']
www.keylessentryremotefob.com, |  |  | ['Volusion']
www.kohls.com, |  |  | ['Host Not Found']
www.kotulas.com, |  |  | ['IBM Websphere Commerce']
www.larsonelectronics.com, |  |  | ['AspDotNetStorefront']
www.lightingdirect.com, |  |  | ['Host Not Found']
www.lockandhinge.com, |  |  | ['BigCommerce']
www.lyst.com, |  |  | ['Host Not Found']
www.mobilityequip.com, |  |  | ['Magento']
www.motoin.de, |  |  | ['XT-Commerce']
www.mrporter.com, |  |  | ['Host Not Found']
www.musiciansfriend.com, |  |  | ['Host Not Found']
www.northerntool.com, |  |  | ['IBM Websphere Commerce']
www.oceansmall.net, |  |  | ['BigCommerce']
www.onlinemegamall.com, |  |  | ['Host Not Found']
www.partsgeek.com, |  |  | ['Host Not Found']
www.petfenceusa.com, |  |  | ['Shopify']
www.qvc.com, |  |  | ['Adobe Experience Manager']
www.respiratorycarestore.com, |  |  | ['Magento']
www.rosegal.com, |  |  | ['Host Not Found']
www.saksoff5th.com, |  |  | ['Host Not Found']
www.shindigz.com, |  |  | ['Host Not Found']
www.shoemall.com, |  |  | ['Requested Url Was Unavailable']
www.sonicelectronix.com, |  |  | ['Host Not Found']
www.sportsmanguide.com, |  |  | ['Host Not Found']
www.stockinteriors.com, |  |  | ['Host Not Found']
www.stumpsparty.com, |  |  | ['Host Not Found']
www.sweetwater.com, |  |  | ['Host Not Found']
www.thesensorconnection.com, |  |  | ['Drupal']
www.tirebuyer.com, |  | ['Hybris']
www.tirerack.com, |  |  | ['Adobe Experience Manager']
www.tires-easy.com, |  |  | ['Hybris']
www.tschome.com, |  |  | ['Yahoo Small Business']
www.tscshops.com, |  |  | ['Requested Url Was Unavailable']
www.walmart.com, |  |  | ['Host Not Found']
www.wayfair.com, |  |  | ['Host Not Found']
www.webstaurantstore.com, |  |  | ['Host Not Found']
www.weldingsuppliesfromioc.com, |  |  | ['Magento']
www.wholesurgical.com, |  |  | ['Magento']
www.zazzle.com, |  |  | ['Host Not Found']
www.zoro.com, |  |  | ['Host Not Found']
www.zoro1.com, |  |  | ['Host Not Found']
buyfmgear.com, |  |  | ['Magento']
caautoparts.com, |  |  | ['Shopify']
customstickershop.us, |  |  | ['WordPress']
pstpoolsupplies.com, |  |  | ['BigCommerce']
renewgoo.com, |  |  | ['Shopify']
replacementbatterystore.com, |  | ['BigCommerce']
steelfitusa.com, |  |  | ['WordPress']
tiresshipped2you.com, |  |  | ['Shopify']
webstore.northsails.com, |  |  | ['Salesforce Commerce Cloud']
www.artistsupplysource.com, |  |  | ['Host Not Found']
www.campsaver.com, |  |  | ['Host Not Found']
www.carparts.com, |  |  | ['Host Not Found']
www.chicksaddlery.com, |  |  | ['Miva Merchant']
www.cjponyparts.com, |  |  | ['Requested Url Was Unavailable']
www.costway.com, |  |  | ['Magento']
www.fun.com, |  |  | ['Host Not Found']
www.hayneedle.com, |  |  | ['Host Not Found']
www.hlsproparts.com, |  |  | ['Volusion']
www.homedepot.com, |  |  | ['Host Not Found']
www.industrialsafetygear.com, |  |  | ['3dcart']
www.invertersupply.com, |  |  | ['Host Not Found']
www.italist.com, |  |  | ['Host Not Found']
www.mastertoolsupply.com, |  |  | ['Shopify']
www.maxpeedingrods.com, |  |  | ['Host Not Found']
www.naughtydelight.com, |  |  | ['Magento']
www.pethoot.com, |  |  | ['Host Not Found']
www.secondsale.com, |  |  | ['PrestaShop']
www.swaggsauce.com, |  |  | ['Shopify']
www.therealreal.com, |  |  | ['CS-Cart']
www.toolnut.com, |  |  | ['Magento']
www.crutchfield.com, |  |  | ['Host Not Found']
