store.yahoo.com, |  |  | ['Host Not Found']
www.Adorama.com, |  |  | ['Host Not Found']
www.abesofmaine.com, |  |  | ['Host Not Found']
www.abt.com, |  |  | ['Host Not Found']
www.amazon.com, |  |  | ['Host Not Found']
www.amazon.com, |  |  | ['Host Not Found']
www.basspro.com, |  |  | ['Host Not Found']
www.bhphotovideo.com, |  |  | ['Host Not Found']
www.crazycarlsdeals.com, |  |  | ['Host Not Found']
www.crutchfield.com, |  |  | ['Host Not Found']
www.dell.com, |  |  | ['Host Not Found']
www.emerchantoutlet.com, |  |  | ['Host Not Found']
www.eventcameras.com, |  |  | ['Shopify']
www.groupon.com, |  |  | ['Host Not Found']
www.jaspertronics.com, |  |  | ['Shopify']
www.kohls.com, |  |  | ['Host Not Found']
www.mpb.com, |  |  | ['Host Not Found']
www.musiciansfriend.com, |  |  | ['Host Not Found']
www.nordstrom.com, |  |  | ['Host Not Found']
www.officesupersavers.com, |  |  | ['Host Not Found']
www.peterglenn.com, |  |  | ['Drupal']
www.qvc.com, |  |  | ['Adobe Experience Manager']
www.respiratorycarestore.com, |  |  | ['Magento']
www.ritzcamera.com, |  |  | ['Magento']
www.tschome.com, |  |  | ['Yahoo Small Business']
www.walmart.com, |  |  | ['Host Not Found']
www.wholesurgical.com, |  |  | ['Magento']
www.zoro.com, |  |  | ['Host Not Found']
www.datavision.com, |  |  | ['Shopify']
www.dhgate.com, |  |  | ['Host Not Found']
www.porterelectronics.com, |  |  | ['BigCommerce']
www.sportsmans.com, |  |  | ['Host Not Found']
www.crutchfield.com, |  |  | ['Host Not Found']
www.fiberopticresale.com, |  |  | ['WordPress']
