www.ElectricGeneratorDepot.com, |  |  | ['Shopify']
www.abt.com, |  |  | ['Host Not Found']
www.amazon.com, |  |  | ['Host Not Found']
www.amazon.com, |  |  | ['Host Not Found']
www.build.com, |  |  | ['Host Not Found']
www.crutchfield.com, |  |  | ['Host Not Found']
www.emerchantoutlet.com, |  |  | ['Host Not Found']
www.homedepot.com, |  |  | ['Host Not Found']
www.keylessentryremotefob.com, |  |  | ['Volusion']
www.partsgeek.com, |  |  | ['Host Not Found']
www.peazz.com, |  |  | ['Host Not Found']
www.sonicelectronix.com, |  |  | ['Host Not Found']
www.tschome.com, |  |  | ['Yahoo Small Business']
www.walmart.com, |  |  | ['Host Not Found']
caautoparts.com, |  |  | ['Shopify']
www.homedepot.com, |  |  | ['Host Not Found']
www.crutchfield.com, |  |  | ['Host Not Found']
