livingsocial.com, |  |  | ['Host Not Found']
www.Adorama.com, |  |  | ['Host Not Found']
www.amazon.com, |  |  | ['Host Not Found']
www.amazon.com, |  |  | ['Host Not Found']
www.bhphotovideo.com, |  |  | ['Host Not Found']
www.build.com, |  |  | ['Host Not Found']
www.emerchantoutlet.com, |  |  | ['Host Not Found']
www.peazz.com, |  |  | ['Host Not Found']
www.tschome.com, |  |  | ['Yahoo Small Business']
www.walmart.com, |  |  | ['Host Not Found']
www.dhgate.com, |  |  | ['Host Not Found']
www.porterelectronics.com, |  |  | ['BigCommerce']
