buy.gazelle.com, |  |  | ['Shopify']
livingsocial.com, |  |  | ['Host Not Found']
poshmark.com, |  |  | ['Host Not Found']
samsclub.com, |  |  | ['Host Not Found']
www.Adorama.com, |  |  | ['Host Not Found']
www.abt.com, |  |  | ['Host Not Found']
www.amazon.com, |  |  | ['Host Not Found']
www.amazon.com, |  |  | ['Host Not Found']
www.bhphotovideo.com, |  |  | ['Host Not Found']
www.boostmobile.com, |  |  | ['Host Not Found']
www.christianbookbag.com, |  |  | ['3dcart']
www.crutchfield.com, |  |  | ['Host Not Found']
www.devices-now.com, |  |  | ['Requested Url Was Unavailable']
www.emerchantoutlet.com, |  |  | ['Host Not Found']
www.gamestop.com, |  |  | ['Host Not Found']
www.groupon.com, |  |  | ['Host Not Found']
www.homedepot.com, |  |  | ['Host Not Found']
www.mobilecellmart.com, |  |  | ['Magento']
www.officesupersavers.com, |  |  | ['Host Not Found']
www.onlinemegamall.com, |  |  | ['Host Not Found']
www.pinzoo.com, |  |  | ['Host Not Found']
www.qvc.com, |  |  | ['Adobe Experience Manager']
www.sonicelectronix.com, |  |  | ['Host Not Found']
www.tschome.com, |  |  | ['Yahoo Small Business']
www.valleyvet.com, |  |  | ['Host Not Found']
www.verizonwireless.com, |  |  | ['Adobe Experience Manager']
www.walmart.com, |  |  | ['Host Not Found']
www.zoro.com, |  |  | ['Host Not Found']
www.zulily.com, |  |  | ['Magento']
www1.us.dell.com, |  |  | ['Host Not Found']
myrealmobile.com, |  |  | ['nopCommerce']
uptradeit.com, |  |  | ['Host Not Found']
www.datavision.com, |  |  | ['Shopify']
www.dhgate.com, |  |  | ['Host Not Found']
www.homedepot.com, |  |  | ['Host Not Found']
www.s-worldelectronics.com, |  |  | ['WordPress']
www.crutchfield.com, |  |  | ['Host Not Found']
