adameve.com, |  |  | ['Host Not Found']
livingsocial.com, |  |  | ['Host Not Found']
parkseed.com, |  |  | ['Host Not Found']
poshmark.com, |  |  | ['Host Not Found']
store.yahoo.com, |  |  | ['Host Not Found']
store.yahoo.com, |  |  | ['Host Not Found']
www.Educents.com, |  |  | ['Requested Url Was Unavailable']
www.MidwayUSA.com, |  |  | ['Host Not Found']
www.PulseTV.com, |  |  | ['Host Not Found']
www.allposters.com, |  |  | ['Host Not Found']
www.amazon.com, |  |  | ['Host Not Found']
www.amazon.com, |  |  | ['Host Not Found']
www.americanbookwarehouse.com, |  |  | ['BigCommerce']
www.backinthesaddle.com, |  |  | ['mojoPortal']
www.basspro.com, |  |  | ['Host Not Found']
www.belk.com, |  |  | ['Salesforce Commerce Cloud']
www.berries.com, |  |  | ['IBM Websphere Commerce']
www.bluefly.com, |  |  | ['Shopify']
www.christianbookbag.com, |  |  | ['3dcart']
www.cyberteez.com, |  |  | ['Shopify']
www.deepdiscount.com, |  |  | ['Host Not Found']
www.directvapor.com, |  |  | ['Magento']
www.emerchantoutlet.com, |  |  | ['Host Not Found']
www.freshnless.com, |  |  | ['Shopify']
www.gamestop.com, |  |  | ['Host Not Found']
www.halloweencostumes.com, |  |  | ['Host Not Found']
www.halloweencostumesupplystore.com, |  |  | ['Host Not Found']
www.kohls.com, |  |  | ['Host Not Found']
www.lightingdirect.com, |  |  | ['Host Not Found']
www.petco.com, |  |  | ['IBM Websphere Commerce']
www.petsupplies4less.com, |  |  | ['3dcart']
www.qvc.com, |  |  | ['Adobe Experience Manager']
www.respiratorycarestore.com, |  |  | ['Magento']
www.sportscollectibles.com, |  |  | ['Host Not Found']
www.ssense.com, |  |  | ['Host Not Found']
www.thinkcooltoys.com, |  |  | ['Magento']
www.walmart.com, |  |  | ['Host Not Found']
www.zazzle.com, |  |  | ['Host Not Found']
AutographsForSale.com, |  |  | ['Yahoo Small Business']
gg-decor.com, |  |  | ['Host Not Found']
goop.com, |  |  | ['WordPress']
renewgoo.com, |  |  | ['Shopify']
www.amara.com, |  |  | ['Host Not Found']
www.costbuys.com, |  |  | ['BigCommerce']
www.cozzoo.com, |  |  | ['PrestaShop']
www.fun.com, |  |  | ['Host Not Found']
www.naughtydelight.com, |  |  | ['Magento']
www.ruelala.com, |  |  | ['Host Not Found']
www.secondsale.com, |  |  | ['PrestaShop']
www.threadsquad.com, |  |  | ['Host Not Found']
www.tillys.com, |  |  | ['Salesforce Commerce Cloud']
www.trouva.com, |  |  | ['Host Not Found']
