amazonmicrousa.com, |  |  | ['Shopify']
livingsocial.com, |  |  | ['Host Not Found']
www.Adorama.com, |  |  | ['Host Not Found']
www.amazon.com, |  |  | ['Host Not Found']
www.amazon.com, |  |  | ['Host Not Found']
www.bhphotovideo.com, |  |  | ['Host Not Found']
www.dell.com, |  |  | ['Host Not Found']
www.emerchantoutlet.com, |  |  | ['Host Not Found']
www.hpshopping.com, |  |  | ['Host Not Found']
www.layoffpain.com, |  |  | ['Magento']
www.lenovo.com, |  |  | ['Host Not Found']
www.newegg.com, |  |  | ['Host Not Found']
www.oceansmall.net, |  |  | ['BigCommerce']
www.onlinelivingaids.com, |  |  | ['Magento']
www.respiratorycarestore.com, |  |  | ['Magento']
www.serversupply.com, |  |  | ['Host Not Found']
www.sonicelectronix.com, |  |  | ['Host Not Found']
www.walmart.com, |  |  | ['Host Not Found']
www1.us.dell.com, |  |  | ['Host Not Found']
hexadash.com, |  |  | ['Host Not Found']
www.allhdd.com, |  |  | ['CS-Cart']
www.dhgate.com, |  |  | ['Host Not Found']
