poshmark.com, |  |  | ['Host Not Found']
store.yahoo.com, |  |  | ['Host Not Found']
www.Adorama.com, |  |  | ['Host Not Found']
www.allposters.com, |  |  | ['Host Not Found']
www.amazon.com, |  |  | ['Host Not Found']
www.amazon.com, |  |  | ['Host Not Found']
www.californiapetpharmacy.com, |  |  | ['Miva Merchant']
www.cyberteez.com, |  |  | ['Shopify']
www.deepdiscount.com, |  |  | ['Host Not Found']
www.halloweencostumesupplystore.com, |  |  | ['Host Not Found']
www.lightingdirect.com, |  |  | ['Host Not Found']
www.lyst.com, |  |  | ['Host Not Found']
www.shindigz.com, |  |  | ['Host Not Found']
www.stumpsparty.com, |  |  | ['Host Not Found']
www.walmart.com, |  |  | ['Host Not Found']
www.wholesurgical.com, |  |  | ['Magento']
www.youngexplorers.com, |  |  | ['mojoPortal']
www.zazzle.com, |  |  | ['Host Not Found']
www.epicpetster.com, |  |  | ['WordPress']
www.secondsale.com, |  |  | ['PrestaShop']
www.tillys.com, |  |  | ['Salesforce Commerce Cloud']
www.trouva.com, |  |  | ['Host Not Found']
