bakersauthority.com, |  |  | ['Shopify']
discountdecorativeflags.com, |  |  | ['BigCommerce']
linksoul.com, |  |  | ['Shopify']
livingsocial.com, |  |  | ['Host Not Found']
poshmark.com, |  |  | ['Host Not Found']
samsclub.com, |  |  | ['Host Not Found']
shop.mlb.com, |  |  | ['Host Not Found']
shop.nhl.com, |  |  | ['Host Not Found']
soccer.epicsports.com, |  |  | ['Host Not Found']
store.nba.com, |  |  | ['Host Not Found']
store.yahoo.com, |  |  | ['Host Not Found']
store.yahoo.com, |  |  | ['Host Not Found']
store.yahoo.com, |  |  | ['Host Not Found']
www.Adorama.com, |  |  | ['Host Not Found']
www.Everymemorabilia.com, |  |  | ['Host Not Found']
www.Fanatics.com, |  |  | ['Host Not Found']
www.LambertVetSupply.com, |  |  | ['3dcart']
www.MidwayUSA.com, |  |  | ['Host Not Found']
www.SchoolOutfitters.com, |  |  | ['Host Not Found']
www.allposters.com, |  |  | ['Host Not Found']
www.amazon.com, |  |  | ['Host Not Found']
www.amazon.com, |  |  | ['Host Not Found']
www.autoanything.com, |  |  | ['Requested Url Was Unavailable']
www.backcountry.com, |  |  | ['ATG Web Commerce']
www.basspro.com, |  |  | ['Host Not Found']
www.belk.com, |  |  | ['Salesforce Commerce Cloud']
www.bhphotovideo.com, |  |  | ['Host Not Found']
www.bizchair.com, |  |  | ['Salesforce Commerce Cloud']
www.blackbeltshop.us, |  |  | ['Shopify']
www.boscovs.com, |  |  | ['IBM Websphere Commerce']
www.cellphonecases.com, |  |  | ['Host Not Found']
www.charlotterusse.com, |  |  | ['Shopify']
www.discountdance.com, |  |  | ['Host Not Found']
www.doversaddlery.com, |  |  | ['Host Not Found']
www.emerchantoutlet.com, |  |  | ['Host Not Found']
www.fansedge.com, |  |  | ['Host Not Found']
www.gliks.com, |  |  | ['Shopify']
www.groupon.com, |  |  | ['Host Not Found']
www.halloweencostumes.com, |  |  | ['Host Not Found']
www.halloweencostumesupplystore.com, |  |  | ['Host Not Found']
www.homedepot.com, |  |  | ['Host Not Found']
www.houzz.com, |  |  | ['Host Not Found']
www.indochino.com, |  |  | ['Host Not Found']
www.jcpenney.com, |  |  | ['Host Not Found']
www.joylot.com, |  |  | ['Host Not Found']
www.kohls.com, |  |  | ['Host Not Found']
www.kungfu4less.com, |  |  | ['Yahoo Small Business']
www.layoffpain.com, |  |  | ['Magento']
www.lightingdirect.com, |  |  | ['Host Not Found']
www.lyst.com, |  |  | ['Host Not Found']
www.macys.com, |  |  | ['Host Not Found']
www.mobilityequip.com, |  |  | ['Magento']
www.motoin.de, |  |  | ['XT-Commerce']
www.nordstromrack.com, |  |  | ['Host Not Found']
www.oceansmall.net, |  |  | ['BigCommerce']
www.officesupersavers.com, |  |  | ['Host Not Found']
www.oralprecision.com, |  |  | ['Magento']
www.partycheap.com, |  |  | ['Volusion']
www.peterglenn.com, |  |  | ['Drupal']
www.qvc.com, |  |  | ['Adobe Experience Manager']
www.respiratorycarestore.com, |  |  | ['Magento']
www.sears.com, |  |  | ['Adobe Experience Manager']
www.shindigz.com, |  |  | ['Host Not Found']
www.shoemall.com, |  |  | ['Requested Url Was Unavailable']
www.slothwingties.com, |  |  | ['Requested Url Was Unavailable']
www.sportscollectibles.com, |  |  | ['Host Not Found']
www.sportsmanguide.com, |  |  | ['Host Not Found']
www.ssense.com, |  |  | ['Host Not Found']
www.stomabags.com, |  |  | ['Magento']
www.stumpsparty.com, |  |  | ['Host Not Found']
www.teamstores.com, |  |  | ['Volusion']
www.teamusashop.com, |  |  | ['Host Not Found']
www.thredup.com, |  |  | ['Host Not Found']
www.tschome.com, |  |  | ['Yahoo Small Business']
www.tsctoys.com, |  |  | ['Yahoo Small Business']
www.underarmour.com, |  |  | ['Host Not Found']
www.voler.com, |  |  | ['Host Not Found']
www.walmart.com, |  |  | ['Host Not Found']
www.wayfair.com, |  |  | ['Host Not Found']
www.wholesurgical.com, |  |  | ['Magento']
www.workoutz.com, |  |  | ['Magento']
www.zappos.com, |  |  | ['Host Not Found']
www.zazzle.com, |  |  | ['Host Not Found']
www.zoro.com, |  |  | ['Host Not Found']
www.zulily.com, |  |  | ['Magento']
AutographsForSale.com, |  |  | ['Yahoo Small Business']
renewgoo.com, |  |  | ['Shopify']
shop.ballislife.com, |  |  | ['Shopify']
www.MostlyDead.com, |  |  | ['Shopify']
www.balfour.com, |  |  | ['SiteCore']
www.big5sportinggoods.com, |  |  | ['ATG Web Commerce']
www.coedstore.co, |  |  | ['Shopify']
www.costbuys.com, |  |  | ['BigCommerce']
www.cufflinksdepot.com, |  | ['Miva Merchant']
www.datavision.com, |  |  | ['Shopify']
www.discountmugs.com, |  |  | ['Host Not Found']
www.fun.com, |  |  | ['Host Not Found']
www.hayneedle.com, |  |  | ['Host Not Found']
www.hibbett.com, |  |  | ['Salesforce Commerce Cloud']
www.hlsproparts.com, |  |  | ['Volusion']
www.homedepot.com, |  |  | ['Host Not Found']
www.homeshoppingmalls.com, |  |  | ['Magento']
www.secondsale.com, |  |  | ['PrestaShop']
www.shoes.com, |  |  | ['Host Not Found']
www.shoppingzoneplus.com, |  |  | ['Magento']
www.sportsmans.com, |  |  | ['Host Not Found']
www.therealreal.com, |  |  | ['CS-Cart']
www.toyorb.com, |  |  | ['Shopify']
www.trouva.com, |  |  | ['Host Not Found']
www.wodfitters.com, |  |  | ['Shopify']
www.nflshop.com, |  |  | ['Host Not Found']
www.ssense.com, |  |  | ['Host Not Found']
