applesofgold.com, |  |  | ['Miva Merchant']
click.linksynergy.com, |  |  | ['Host Not Found']
collectiblestoday18.cpcmanager.com, |  |  | ['Requested Url Was Unavailable']
gate4great.info, |  |  | ['Host Not Found']
kobelli.com, |  |  | ['Shopify']
livingsocial.com, |  |  | ['Host Not Found']
my-bio-zen.com, |  |  | ['Host Not Found']
poshmark.com, |  |  | ['Host Not Found']
ring-ninja.com, |  |  | ['Yahoo Small Business']
samsclub.com, |  |  | ['Host Not Found']
shop.mlb.com, |  |  | ['Host Not Found']
silverbene.com, |  |  | ['Magento']
store.yahoo.com, |  |  | ['Host Not Found']
www.CatalogFavorites.com, |  |  | ['mojoPortal']
www.DisneyStore.com, |  |  | ['Host Not Found']
www.Fanatics.com, |  |  | ['Host Not Found']
www.Lenox.com, |  |  | ['Shopify']
www.PartySpin.com, |  |  | ['Volusion']
www.allposters.com, |  |  | ['Host Not Found']
www.allurez.com, |  |  | ['Host Not Found']
www.amazon.com, |  |  | ['Host Not Found']
www.amazon.com, |  |  | ['Host Not Found']
www.anjaysdesigns.com, |  |  | ['BigCommerce']
www.apmex.com, |  |  | ['Host Not Found']
www.ashleystewart.com, |  |  | ['Salesforce Commerce Cloud']
www.backinthesaddle.com, |  |  | ['mojoPortal']
www.beallsflorida.com, |  |  | ['Host Not Found']
www.belk.com, |  |  | ['Salesforce Commerce Cloud']
www.blair.com, |  |  | ['Host Not Found']
www.bluefly.com, |  |  | ['Shopify']
www.boscovs.com, |  |  | ['IBM Websphere Commerce']
www.build.com, |  |  | ['Host Not Found']
www.cavenders.com, |  |  | ['Salesforce Commerce Cloud']
www.deepdiscount.com, |  |  | ['Host Not Found']
www.displays2go.com, |  |  | ['Host Not Found']
www.doversaddlery.com, |  |  | ['Host Not Found']
www.expressionscatalog.com, |  |  | ['mojoPortal']
www.fansedge.com, |  |  | ['Host Not Found']
www.faucetdirect.com?, |  |  | ['Host Not Found']
www.firecz.com, |  |  | ['Shopify']
www.fossil.com, |  |  | ['Salesforce Commerce Cloud']
www.gamestop.com, |  |  | ['Host Not Found']
www.gliks.com, |  |  | ['Shopify']
www.groupon.com, |  |  | ['Host Not Found']
www.haband.com, |  |  | ['Host Not Found']
www.halloweencostumesupplystore.com, |  |  | ['Host Not Found']
www.hottopic.com, |  |  | ['Salesforce Commerce Cloud']
www.houzz.com, |  |  | ['Host Not Found']
www.jcpenney.com, |  |  | ['Host Not Found']
www.kohls.com, |  |  | ['Host Not Found']
www.kqzyfj.com, |  |  | ['Host Not Found']
www.lechateau.com, |  |  | ['ATG Web Commerce']
www.lulus.com, |  |  | ['Host Not Found']
www.lyst.com, |  |  | ['Host Not Found']
www.macys.com, |  |  | ['Host Not Found']
www.magellans.com, |  |  | ['mojoPortal']
www.michaelkors.com, |  |  | ['ATG Web Commerce']
www.mrporter.com, |  |  | ['Host Not Found']
www.naturesjewelry.com, |  |  | ['mojoPortal']
www.net-a-porter.com, |  |  | ['Host Not Found']
www.nordstromrack.com, |  |  | ['Host Not Found']
www.novica.com, |  |  | ['Host Not Found']
www.onlinemegamall.com, |  |  | ['Host Not Found']
www.princetonwatches.com, |  |  | ['Shopify']
www.pyramidcollection.com, |  |  | ['mojoPortal']
www.qvc.com, |  |  | ['Adobe Experience Manager']
www.rosegal.com, |  |  | ['Host Not Found']
www.saksoff5th.com, |  |  | ['Host Not Found']
www.samuelsjewelers.com, |  |  | ['Host Not Found']
www.sarraf.com, |  |  | ['BigCommerce']
www.sears.com, |  |  | ['Adobe Experience Manager']
www.serengeticatalog.com, |  |  | ['Host Not Found']
www.shein.com, |  |  | ['Host Not Found']
www.shoemall.com, |  |  | ['Requested Url Was Unavailable']
www.ssense.com, |  |  | ['Host Not Found']
www.superjeweler.com, |  |  | ['Host Not Found']
www.theoutnet.com, |  |  | ['Host Not Found']
www.tscshops.com, |  |  | ['Requested Url Was Unavailable']
www.vivaterra.com, |  |  | ['Hybris']
www.walmart.com, |  |  | ['Host Not Found']
www.wayfair.com, |  |  | ['Host Not Found']
www.wholesurgical.com, |  |  | ['Magento']
www.zappos.com, |  |  | ['Host Not Found']
www.zazzle.com, |  |  | ['Host Not Found']
www.zulily.com, |  |  | ['Magento']
brandsvice.com, |  |  | ['WordPress']
shop.bikini.com, |  |  | ['Shopify']
www.PointGems.com, |  | ['Host Not Found']
www.alphabetdeal.com, |  |  | ['Host Not Found']
www.amijag.com, |  |  | ['Magento']
www.balfour.com, |  |  | ['SiteCore']
www.blomdahlusa.com, |  |  | ['BigCommerce']
www.chicksaddlery.com, |  |  | ['Miva Merchant']
www.couturecandy.com, |  |  | ['Shopify']
www.fun.com, |  |  | ['Host Not Found']
www.jewelryshopping.com, |  |  | ['Host Not Found']
www.juwelo.com, |  |  | ['Magento']
www.marketcol.com, |  |  | ['Shopify']
www.marksandspencer.com, |  |  | ['Host Not Found']
www.mountainwarehouse.com, |  |  | ['Host Not Found']
www.ruelala.com, |  |  | ['Host Not Found']
www.shoes.com, |  |  | ['Host Not Found']
www.thepearlsource.com, |  |  | ['Host Not Found']
www.therealreal.com, |  |  | ['CS-Cart']
www.tillys.com, |  |  | ['Salesforce Commerce Cloud']
www.trouva.com, |  |  | ['Host Not Found']
www.wegotjewels.com, |  |  | ['WordPress']
www.ssense.com, |  |  | ['Host Not Found']
www.stylebop.com, |  |  | ['Host Not Found']
