samsclub.com, |  |  | ['Host Not Found']
soccer.epicsports.com, |  |  | ['Host Not Found']
store.yahoo.com, |  |  | ['Host Not Found']
www.Adorama.com, |  |  | ['Host Not Found']
www.DrsFosterSmith.com, |  |  | ['Host Not Found']
www.Educents.com, |  |  | ['Requested Url Was Unavailable']
www.LambertVetSupply.com, |  |  | ['3dcart']
www.MidwayUSA.com, |  |  | ['Host Not Found']
www.allivet.com, |  |  | ['Host Not Found']
www.amazon.com, |  |  | ['Host Not Found']
www.amazon.com, |  |  | ['Host Not Found']
www.art.com, |  |  | ['Host Not Found']
www.autoanything.com, |  |  | ['Requested Url Was Unavailable']
www.autogeek.net, |  |  | ['Yahoo Small Business']
www.autopia-carcare.com, |  |  | ['Yahoo Small Business']
www.backcountry.com, |  |  | ['ATG Web Commerce']
www.bhphotovideo.com, |  |  | ['Host Not Found']
www.brownells.com, |  |  | ['mojoPortal']
www.build.com, |  |  | ['Host Not Found']
www.buybizsupplies.com, |  |  | ['Magento']
www.cleanitsupply.com, |  |  | ['Host Not Found']
www.concordhealthsupply.com, |  |  | ['Volusion']
www.crutchfield.com, |  |  | ['Host Not Found']
www.diabeticstreatment.com, |  |  | ['Magento']
www.discountcatheters.com, |  |  | ['Magento']
www.displays2go.com, |  |  | ['Host Not Found']
www.driparmor.com, |  |  | ['Magento']
www.efaucets.com, |  |  | ['Host Not Found']
www.giftespot.com, |  |  | ['Yahoo Small Business']
www.groupon.com, |  |  | ['Host Not Found']
www.healthproductsforyou.com, |  |  | ['Host Not Found']
www.homedepot.com, |  |  | ['Host Not Found']
www.houzz.com, |  |  | ['Host Not Found']
www.jcpenney.com, |  |  | ['Host Not Found']
www.katom.com, |  |  | ['Laravel']
www.kohls.com, |  |  | ['Host Not Found']
www.layoffpain.com, |  |  | ['Magento']
www.marcusuniforms.com, |  |  | ['Host Not Found']
www.mobilityequip.com, |  |  | ['Magento']
www.naturewoo.com, |  |  | ['Magento']
www.northerntool.com, |  |  | ['IBM Websphere Commerce']
www.onlinelivingaids.com, |  |  | ['Magento']
www.oralprecision.com, |  |  | ['Magento']
www.respiratorycarestore.com, |  |  | ['Magento']
www.sears.com, |  |  | ['Adobe Experience Manager']
www.shelhealth.com, |  |  | ['Shopify']
www.sportsmanguide.com, |  |  | ['Host Not Found']
www.stomabags.com, |  |  | ['Magento']
www.torbalscales.com, |  | ['Magento']
www.valleyvet.com, |  |  | ['Host Not Found']
www.walmart.com, |  |  | ['Host Not Found']
www.wayfair.com, |  |  | ['Host Not Found']
www.webstaurantstore.com, |  |  | ['Host Not Found']
www.wholesurgical.com, |  |  | ['Magento']
www.woundtx.com, |  |  | ['Magento']
www.zappos.com, |  |  | ['Host Not Found']
www.zoro.com, |  |  | ['Host Not Found']
www.zoro1.com, |  |  | ['Host Not Found']
pstpoolsupplies.com, |  |  | ['BigCommerce']
ribbonscure.com, |  | ['Shopify']
thevacuumfactory.com, |  |  | ['WordPress']
www.chicksaddlery.com, |  |  | ['Miva Merchant']
www.costway.com, |  |  | ['Magento']
www.dhgate.com, |  |  | ['Host Not Found']
www.fitnessfirstusa.com, |  |  | ['Drupal']
www.fun.com, |  |  | ['Host Not Found']
www.hayneedle.com, |  |  | ['Host Not Found']
www.homedepot.com, |  |  | ['Host Not Found']
www.homeshoppingmalls.com, |  |  | ['Magento']
www.lightbulbs.com, |  |  | ['Host Not Found']
www.porterelectronics.com, |  |  | ['BigCommerce']
www.crutchfield.com, |  |  | ['Host Not Found']
