buymbs.com, |  |  | ['AspDotNetStorefront']
livingsocial.com, |  |  | ['Host Not Found']
poshmark.com, |  |  | ['Host Not Found']
samsclub.com, |  |  | ['Host Not Found']
soccer.epicsports.com, |  |  | ['Host Not Found']
store.yahoo.com, |  |  | ['Host Not Found']
www.ElectricGeneratorDepot.com, |  |  | ['Shopify']
www.MidwayUSA.com, |  |  | ['Host Not Found']
www.agrisupply.com, |  |  | ['Host Not Found']
www.amazon.com, |  |  | ['Host Not Found']
www.amazon.com, |  |  | ['Host Not Found']
www.autoanything.com, |  |  | ['Requested Url Was Unavailable']
www.basspro.com, |  |  | ['Host Not Found']
www.brownells.com, |  |  | ['mojoPortal']
www.build.com, |  |  | ['Host Not Found']
www.buybizsupplies.com, |  |  | ['Magento']
www.cpooutlets.com, |  |  | ['Salesforce Commerce Cloud']
www.crazycarlsdeals.com, |  |  | ['Host Not Found']
www.deepdiscount.com, |  |  | ['Host Not Found']
www.discounttiredirect.com, |  |  | ['Hybris']
www.doversaddlery.com, |  |  | ['Host Not Found']
www.efaucets.com, |  |  | ['Host Not Found']
www.emerchantoutlet.com, |  |  | ['Host Not Found']
www.faucetdirect.com?, |  |  | ['Host Not Found']
www.halloweencostumesupplystore.com, |  |  | ['Host Not Found']
www.homedepot.com, |  |  | ['Host Not Found']
www.houzz.com, |  |  | ['Host Not Found']
www.johnnyseeds.com, |  |  | ['Salesforce Commerce Cloud']
www.kotulas.com, |  |  | ['IBM Websphere Commerce']
www.layoffpain.com, |  |  | ['Magento']
www.lightingdirect.com, |  |  | ['Host Not Found']
www.mobilityequip.com, |  |  | ['Magento']
www.northerntool.com, |  |  | ['IBM Websphere Commerce']
www.oceansmall.net, |  |  | ['BigCommerce']
www.onlinelivingaids.com, |  |  | ['Magento']
www.qvc.com, |  |  | ['Adobe Experience Manager']
www.respiratorycarestore.com, |  |  | ['Magento']
www.sears.com, |  |  | ['Adobe Experience Manager']
www.shindigz.com, |  |  | ['Host Not Found']
www.sportsmanguide.com, |  |  | ['Host Not Found']
www.ssense.com, |  |  | ['Host Not Found']
www.thesensorconnection.com, |  |  | ['Drupal']
www.tires-easy.com, |  |  | ['Hybris']
www.vidaxl.com, |  |  | ['Magento']
www.walmart.com, |  |  | ['Host Not Found']
www.wayfair.com, |  |  | ['Host Not Found']
www.webstaurantstore.com, |  |  | ['Host Not Found']
www.wholesurgical.com, |  |  | ['Magento']
www.youngexplorers.com, |  |  | ['mojoPortal']
www.zoro.com, |  |  | ['Host Not Found']
www.zoro1.com, |  |  | ['Host Not Found']
www.cjponyparts.com, |  |  | ['Requested Url Was Unavailable']
www.costway.com, |  |  | ['Magento']
www.hayneedle.com, |  |  | ['Host Not Found']
www.hlsproparts.com, |  |  | ['Volusion']
www.homedepot.com, |  |  | ['Host Not Found']
www.hotelrestaurantsupply.com, |  |  | ['Miva Merchant']
www.trouva.com, |  |  | ['Host Not Found']
