discountdecorativeflags.com, |  |  | ['BigCommerce']
gate4great.info, |  |  | ['Host Not Found']
livingsocial.com, |  |  | ['Host Not Found']
poshmark.com, |  |  | ['Host Not Found']
samsclub.com, |  |  | ['Host Not Found']
store.scholastic.com, |  |  | ['Salesforce Commerce Cloud']
store.yahoo.com, |  |  | ['Host Not Found']
www.Adorama.com, |  |  | ['Host Not Found']
www.BarristerBooks.com, |  |  | ['Magento']
www.allposters.com, |  |  | ['Host Not Found']
www.amazon.com, |  |  | ['Host Not Found']
www.amazon.com, |  |  | ['Host Not Found']
www.americanbookwarehouse.com, |  |  | ['BigCommerce']
www.belk.com, |  |  | ['Salesforce Commerce Cloud']
www.bhphotovideo.com, |  |  | ['Host Not Found']
www.bizchair.com, |  |  | ['Salesforce Commerce Cloud']
www.build.com, |  |  | ['Host Not Found']
www.christianbookbag.com, |  |  | ['3dcart']
www.cyberteez.com, |  |  | ['Shopify']
www.deepdiscount.com, |  |  | ['Host Not Found']
www.discountcatheters.com, |  |  | ['Magento']
www.driparmor.com, |  |  | ['Magento']
www.emerchantoutlet.com, |  |  | ['Host Not Found']
www.faucetdirect.com?, |  |  | ['Host Not Found']
www.halloweencostumesupplystore.com, |  |  | ['Host Not Found']
www.hconecompanies.com, |  |  | ['BigCommerce']
www.homedepot.com, |  |  | ['Host Not Found']
www.interstatemusic.com, |  |  | ['Host Not Found']
www.jet.com, |  |  | ['Host Not Found']
www.kohls.com, |  |  | ['Host Not Found']
www.musiciansfriend.com, |  |  | ['Host Not Found']
www.northerntool.com, |  |  | ['IBM Websphere Commerce']
www.oceansmall.net, |  |  | ['BigCommerce']
www.partsgeek.com, |  |  | ['Host Not Found']
www.qvc.com, |  |  | ['Adobe Experience Manager']
www.respiratorycarestore.com, |  |  | ['Magento']
www.sportscollectibles.com, |  |  | ['Host Not Found']
www.ssense.com, |  |  | ['Host Not Found']
www.tschome.com, |  |  | ['Yahoo Small Business']
www.walmart.com, |  |  | ['Host Not Found']
www.warehousespot.com, |  |  | ['Shopify']
www.wayfair.com, |  |  | ['Host Not Found']
www.webstaurantstore.com, |  |  | ['Host Not Found']
www.winechateau.com, |  |  | ['Shopify']
www.youngexplorers.com, |  |  | ['mojoPortal']
www.zazzle.com, |  |  | ['Host Not Found']
www.zoro.com, |  |  | ['Host Not Found']
www.zulily.com, |  |  | ['Magento']
AutographsForSale.com, |  |  | ['Yahoo Small Business']
ironandresin.com, |  |  | ['Shopify']
www.homesquare.com, |  |  | ['Host Not Found']
www.orientaloutpost.com, |  |  | ['Host Not Found']
www.secondsale.com, |  |  | ['PrestaShop']
www.tillys.com, |  |  | ['Salesforce Commerce Cloud']
www.trouva.com, |  |  | ['Host Not Found']
