gurneys.com, |  |  | ['Host Not Found']
parkseed.com, |  |  | ['Host Not Found']
poshmark.com, |  |  | ['Host Not Found']
store.yahoo.com, |  |  | ['Host Not Found']
store.yahoo.com, |  |  | ['Host Not Found']
strongsupplementshop.com, |  |  | ['Magento']
www.BarristerBooks.com, |  |  | ['Magento']
www.allposters.com, |  |  | ['Host Not Found']
www.amazon.com, |  |  | ['Host Not Found']
www.amazon.com, |  |  | ['Host Not Found']
www.americanbookwarehouse.com, |  |  | ['BigCommerce']
www.autopia-carcare.com, |  |  | ['Yahoo Small Business']
www.basspro.com, |  |  | ['Host Not Found']
www.boscovs.com, |  |  | ['IBM Websphere Commerce']
www.christianbookbag.com, |  |  | ['3dcart']
www.deepdiscount.com, |  |  | ['Host Not Found']
www.doversaddlery.com, |  |  | ['Host Not Found']
www.driparmor.com, |  |  | ['Magento']
www.emerchantoutlet.com, |  |  | ['Host Not Found']
www.freshnless.com, |  |  | ['Shopify']
www.gardensalive.com, |  |  | ['Host Not Found']
www.homedepot.com, |  |  | ['Host Not Found']
www.lightingdirect.com, |  |  | ['Host Not Found']
www.lyst.com, |  |  | ['Host Not Found']
www.net-a-porter.com, |  |  | ['Host Not Found']
www.oceansmall.net, |  |  | ['BigCommerce']
www.onlinelivingaids.com, |  |  | ['Magento']
www.personalcreations.com, |  |  | ['Host Not Found']
www.petco.com, |  |  | ['IBM Websphere Commerce']
www.stomabags.com, |  |  | ['Magento']
www.valleyvet.com, |  |  | ['Host Not Found']
www.walmart.com, |  |  | ['Host Not Found']
www.wayfair.com, |  |  | ['Host Not Found']
www.webstaurantstore.com, |  |  | ['Host Not Found']
www.winechateau.com, |  |  | ['Shopify']
www.zazzle.com, |  |  | ['Host Not Found']
www.zulily.com, |  |  | ['Magento']
www.campsaver.com, |  |  | ['Host Not Found']
www.epicpetster.com, |  |  | ['WordPress']
www.fun.com, |  |  | ['Host Not Found']
www.hexbug.com, |  |  | ['Magento']
www.homedepot.com, |  |  | ['Host Not Found']
www.marketcol.com, |  |  | ['Shopify']
www.ruelala.com, |  |  | ['Host Not Found']
www.secondsale.com, |  |  | ['PrestaShop']
www.sportsmans.com, |  |  | ['Host Not Found']
www.trouva.com, |  |  | ['Host Not Found']
www.uncommongoods.com, |  |  | ['Host Not Found']
