amerilifevitamin.com, |  |  | ['Yahoo Small Business']
bakersauthority.com, |  |  | ['Shopify']
gurneys.com, |  |  | ['Host Not Found']
livingsocial.com, |  |  | ['Host Not Found']
samsclub.com, |  |  | ['Host Not Found']
www.DrsFosterSmith.com, |  |  | ['Host Not Found']
www.LambertVetSupply.com, |  |  | ['3dcart']
www.amazon.com, |  |  | ['Host Not Found']
www.amazon.com, |  |  | ['Host Not Found']
www.basspro.com, |  |  | ['Host Not Found']
www.berries.com, |  |  | ['IBM Websphere Commerce']
www.bevmo.com, |  |  | ['WordPress']
www.boscovs.com, |  |  | ['IBM Websphere Commerce']
www.brownells.com, |  |  | ['mojoPortal']
www.deepdiscount.com, |  |  | ['Host Not Found']
www.freshnless.com, |  |  | ['Shopify']
www.gardensalive.com, |  |  | ['Host Not Found']
www.harryanddavid.com, |  |  | ['IBM Websphere Commerce']
www.homedepot.com, |  |  | ['Host Not Found']
www.luckyvitamin.com, |  |  | ['AspDotNetStorefront']
www.netnutri.com, |  |  | ['Magento']
www.officesupersavers.com, |  |  | ['Host Not Found']
www.otcdeal.com, |  |  | ['Magento']
www.pittmandavis.com, |  |  | ['Host Not Found']
www.qvc.com, |  |  | ['Adobe Experience Manager']
www.sears.com, |  |  | ['Adobe Experience Manager']
www.shelhealth.com, |  |  | ['Shopify']
www.vitacart.com, |  |  | ['Yahoo Small Business']
www.vivaterra.com, |  |  | ['Hybris']
www.walmart.com, |  |  | ['Host Not Found']
www.wayfair.com, |  |  | ['Host Not Found']
www.webstaurantstore.com, |  |  | ['Host Not Found']
www.worldmarket.com, |  |  | ['Host Not Found']
www.zoro.com, |  |  | ['Host Not Found']
www.zulily.com, |  |  | ['Magento']
www.discountmugs.com, |  |  | ['Host Not Found']
www.homedepot.com, |  |  | ['Host Not Found']
www.pureformulas.com, |  |  | ['ATG Web Commerce']
www.puritan.com, |  |  | ['Host Not Found']
