brecks.com, |  |  | ['Host Not Found']
buymbs.com, |  |  | ['AspDotNetStorefront']
gate4great.info, |  |  | ['Host Not Found']
gurneys.com, |  |  | ['Host Not Found']
livingsocial.com, |  |  | ['Host Not Found']
parkseed.com, |  |  | ['Host Not Found']
poshmark.com, |  |  | ['Host Not Found']
samsclub.com, |  |  | ['Host Not Found']
www.1800petmeds.com, |  |  | ['ATG Web Commerce']
www.Campmor.com, |  |  | ['Shopify']
www.CatalogFavorites.com, |  |  | ['mojoPortal']
www.DrsFosterSmith.com, |  |  | ['Host Not Found']
www.LambertVetSupply.com, |  |  | ['3dcart']
www.MidwayUSA.com, |  |  | ['Host Not Found']
www.PulseTV.com, |  |  | ['Host Not Found']
www.ReStockIt.com, |  |  | ['Host Not Found']
www.abt.com, |  |  | ['Host Not Found']
www.acoutlet.shop, |  |  | ['Requested Url Was Unavailable']
www.allivet.com, |  |  | ['Host Not Found']
www.allposters.com, |  |  | ['Host Not Found']
www.amazon.com, |  |  | ['Host Not Found']
www.amazon.com, |  |  | ['Host Not Found']
www.amsterdamprinting.com, |  |  | ['Host Not Found']
www.autogeek.net, |  |  | ['Yahoo Small Business']
www.autopia-carcare.com, |  |  | ['Yahoo Small Business']
www.backcountry.com, |  |  | ['ATG Web Commerce']
www.basspro.com, |  |  | ['Host Not Found']
www.blair.com, |  |  | ['Host Not Found']
www.boscovs.com, |  |  | ['IBM Websphere Commerce']
www.build.com, |  |  | ['Host Not Found']
www.bulbamerica.com, |  |  | ['Shopify']
www.chewy.com, |  |  | ['Host Not Found']
www.cleanitsupply.com, |  |  | ['Host Not Found']
www.cpooutlets.com, |  |  | ['Salesforce Commerce Cloud']
www.cymax.com, |  |  | ['Host Not Found']
www.deepdiscount.com, |  |  | ['Host Not Found']
www.doversaddlery.com, |  |  | ['Host Not Found']
www.emerchantoutlet.com, |  |  | ['Host Not Found']
www.faucetdirect.com?, |  |  | ['Host Not Found']
www.freshnless.com, |  |  | ['Shopify']
www.gardensalive.com, |  |  | ['Host Not Found']
www.groupon.com, |  |  | ['Host Not Found']
www.halloweencostumesupplystore.com, |  |  | ['Host Not Found']
www.homedepot.com, |  |  | ['Host Not Found']
www.houzz.com, |  |  | ['Host Not Found']
www.jcpenney.com, |  |  | ['Host Not Found']
www.johnnyseeds.com, |  |  | ['Salesforce Commerce Cloud']
www.katom.com, |  |  | ['Laravel']
www.kohls.com, |  |  | ['Host Not Found']
www.kotulas.com, |  |  | ['IBM Websphere Commerce']
www.luckyvitamin.com, |  |  | ['AspDotNetStorefront']
www.macys.com, |  |  | ['Host Not Found']
www.magellans.com, |  |  | ['mojoPortal']
www.michiganbulb.com, |  |  | ['Host Not Found']
www.naturewoo.com, |  |  | ['Magento']
www.northerntool.com, |  |  | ['IBM Websphere Commerce']
www.oceansmall.net, |  |  | ['BigCommerce']
www.officesupersavers.com, |  |  | ['Host Not Found']
www.onlinelivingaids.com, |  |  | ['Magento']
www.onlinemegamall.com, |  |  | ['Host Not Found']
www.oralprecision.com, |  |  | ['Magento']
www.overstock.com, |  |  | ['Host Not Found']
www.petco.com, |  |  | ['IBM Websphere Commerce']
www.petfenceusa.com, |  |  | ['Shopify']
www.petsupplies4less.com, |  |  | ['3dcart']
www.qvc.com, |  |  | ['Adobe Experience Manager']
www.respiratorycarestore.com, |  |  | ['Magento']
www.royalrobbins.com, |  |  | ['Shopify']
www.sears.com, |  |  | ['Adobe Experience Manager']
www.shelhealth.com, |  |  | ['Shopify']
www.sportsmanguide.com, |  |  | ['Host Not Found']
www.tschome.com, |  |  | ['Yahoo Small Business']
www.tscshops.com, |  |  | ['Requested Url Was Unavailable']
www.unique-vintage.com, |  |  | ['Shopify']
www.valleyvet.com, |  |  | ['Host Not Found']
www.vidaxl.com, |  |  | ['Magento']
www.walmart.com, |  |  | ['Host Not Found']
www.wayfair.com, |  |  | ['Host Not Found']
www.webstaurantstore.com, |  |  | ['Host Not Found']
www.whateverworks.com, |  |  | ['mojoPortal']
www.wholesurgical.com, |  |  | ['Magento']
www.zoro.com, |  |  | ['Host Not Found']
www.zoro1.com, |  |  | ['Host Not Found']
www.zulily.com, |  |  | ['Magento']
acdecor.biz, |  |  | ['Requested Url Was Unavailable']
bargainjunkie.com, |  |  | ['Shopify']
gg-decor.com, |  |  | ['Host Not Found']
ironandresin.com, |  |  | ['Shopify']
renewgoo.com, |  |  | ['Shopify']
scotsmanshield.com, |  |  | ['CS-Cart']
sonaxusa.com, |  |  | ['Yahoo Small Business']
www.alphabetdeal.com, |  |  | ['Host Not Found']
www.chicksaddlery.com, |  |  | ['Miva Merchant']
www.costway.com, |  |  | ['Magento']
www.crowdcontrolstore.com, |  |  | ['Magento']
www.dhgate.com, |  |  | ['Host Not Found']
www.entirelypets.com, |  |  | ['Yahoo Small Business']
www.epicpetster.com, |  |  | ['WordPress']
www.gearthirty.com, |  |  | ['Lightspeed']
www.hayneedle.com, |  |  | ['Host Not Found']
www.homedepot.com, |  |  | ['Host Not Found']
www.homeshoppingmalls.com, |  |  | ['Magento']
www.homesquare.com, |  |  | ['Host Not Found']
www.marketcol.com, |  |  | ['Shopify']
www.mileskimball.com, |  |  | ['Host Not Found']
www.pethoot.com, |  |  | ['Host Not Found']
www.sportsmans.com, |  |  | ['Host Not Found']
www.springhillnursery.com, |  |  | ['Host Not Found']
