critpro.com, |  |  | ['BigCommerce']
discountdecorativeflags.com, |  |  | ['BigCommerce']
my-bio-zen.com, |  |  | ['Host Not Found']
poshmark.com, |  |  | ['Host Not Found']
www.BarristerBooks.com, |  |  | ['Magento']
www.CatalogFavorites.com, |  |  | ['mojoPortal']
www.Lenox.com, |  |  | ['Shopify']
www.PartySpin.com, |  |  | ['Volusion']
www.allposters.com, |  |  | ['Host Not Found']
www.amazon.com, |  |  | ['Host Not Found']
www.amazon.com, |  |  | ['Host Not Found']
www.americanbookwarehouse.com, |  |  | ['BigCommerce']
www.basspro.com, |  |  | ['Host Not Found']
www.beallsflorida.com, |  |  | ['Host Not Found']
www.boscovs.com, |  |  | ['IBM Websphere Commerce']
www.build.com, |  |  | ['Host Not Found']
www.christianbookbag.com, |  |  | ['3dcart']
www.countrystorecatalog.com, |  |  | ['mojoPortal']
www.deepdiscount.com, |  |  | ['Host Not Found']
www.emerchantoutlet.com, |  |  | ['Host Not Found']
www.faucetdirect.com?, |  |  | ['Host Not Found']
www.fitzulas.com, |  |  | ['Miva Merchant']
www.freshnless.com, |  |  | ['Shopify']
www.houzz.com, |  |  | ['Host Not Found']
www.layoffpain.com, |  |  | ['Magento']
www.net-a-porter.com, |  |  | ['Host Not Found']
www.oceansmall.net, |  |  | ['BigCommerce']
www.partsgeek.com, |  |  | ['Host Not Found']
www.personalcreations.com, |  |  | ['Host Not Found']
www.personalizationmall.com, |  |  | ['Host Not Found']
www.society6.com, |  |  | ['Host Not Found']
www.ssense.com, |  |  | ['Host Not Found']
www.underarmour.com, |  |  | ['Host Not Found']
www.walmart.com, |  |  | ['Host Not Found']
www.wayfair.com, |  |  | ['Host Not Found']
www.wine.com, |  |  | ['Host Not Found']
www.winechateau.com, |  |  | ['Shopify']
www.zazzle.com, |  |  | ['Host Not Found']
www.coedstore.co, |  |  | ['Shopify']
www.cozzoo.com, |  |  | ['PrestaShop']
www.epicpetster.com, |  |  | ['WordPress']
www.marketcol.com, |  |  | ['Shopify']
www.rivalworld.com, |  |  | ['Shopify']
www.secondsale.com, |  |  | ['PrestaShop']
www.trouva.com, |  |  | ['Host Not Found']
www.uncommongoods.com, |  |  | ['Host Not Found']
