apartysource.com, |  |  | ['Yahoo Small Business']
applesofgold.com, |  |  | ['Miva Merchant']
gate4great.info, |  |  | ['Host Not Found']
holabirdsports.com, |  |  | ['Shopify']
kobelli.com, |  |  | ['Shopify']
livingsocial.com, |  |  | ['Host Not Found']
luxycouture.com, |  |  | ['Host Not Found']
my-bio-zen.com, |  |  | ['Host Not Found']
pinkboxaccessories.com, |  |  | ['Shopify']
poshmark.com, |  |  | ['Host Not Found']
ring-ninja.com, |  |  | ['Yahoo Small Business']
samsclub.com, |  |  | ['Host Not Found']
shop.mlb.com, |  |  | ['Host Not Found']
shop.nhl.com, |  |  | ['Host Not Found']
silverbene.com, |  |  | ['Magento']
store.nascar.com, |  |  | ['Host Not Found']
store.yahoo.com, |  |  | ['Host Not Found']
store.yahoo.com, |  |  | ['Host Not Found']
store.yahoo.com, |  |  | ['Host Not Found']
www.1800lighting.com, |  |  | ['Salesforce Commerce Cloud']
www.Adorama.com, |  |  | ['Host Not Found']
www.CatalogFavorites.com, |  |  | ['mojoPortal']
www.CellularOutfitter.com, |  |  | ['Shopify']
www.DisneyStore.com, |  |  | ['Host Not Found']
www.Fanatics.com, |  |  | ['Host Not Found']
www.Lenox.com, |  |  | ['Shopify']
www.PartySpin.com, |  |  | ['Volusion']
www.abt.com, |  |  | ['Host Not Found']
www.acoutlet.shop, |  |  | ['Requested Url Was Unavailable']
www.allivet.com, |  |  | ['Host Not Found']
www.allposters.com, |  |  | ['Host Not Found']
www.allurez.com, |  |  | ['Host Not Found']
www.amazon.com, |  |  | ['Host Not Found']
www.amazon.com, |  |  | ['Host Not Found']
www.americanbookwarehouse.com, |  |  | ['BigCommerce']
www.amsterdamprinting.com, |  |  | ['Host Not Found']
www.anasilverco.com, |  |  | ['Shopify']
www.aninebing.com, |  |  | ['Shopify']
www.anjaysdesigns.com, |  |  | ['BigCommerce']
www.ashleystewart.com, |  |  | ['Salesforce Commerce Cloud']
www.autoanything.com, |  |  | ['Requested Url Was Unavailable']
www.autogeek.net, |  |  | ['Yahoo Small Business']
www.autopia-carcare.com, |  |  | ['Yahoo Small Business']
www.backinthesaddle.com, |  |  | ['mojoPortal']
www.bananarepublic.com, |  |  | ['Host Not Found']
www.basspro.com, |  |  | ['Host Not Found']
www.beallsflorida.com, |  |  | ['Host Not Found']
www.belk.com, |  |  | ['Salesforce Commerce Cloud']
www.black.co.uk, |  |  | ['Shopify']
www.blair.com, |  |  | ['Host Not Found']
www.blueandcream.com, |  |  | ['Miva Merchant']
www.bluefly.com, |  |  | ['Shopify']
www.boscovs.com, |  |  | ['IBM Websphere Commerce']
www.brownells.com, |  |  | ['mojoPortal']
www.build.com, |  |  | ['Host Not Found']
www.calexotics.com, |  |  | ['Magento']
www.candymachines.com, |  |  | ['Host Not Found']
www.cavenders.com, |  |  | ['Salesforce Commerce Cloud']
www.countrystorecatalog.com, |  |  | ['mojoPortal']
www.deepdiscount.com, |  |  | ['Host Not Found']
www.discountdance.com, |  |  | ['Host Not Found']
www.driparmor.com, |  |  | ['Magento']
www.efaucets.com, |  |  | ['Host Not Found']
www.elitemetaltools.com, |  |  | ['Drupal']
www.emerchantoutlet.com, |  |  | ['Host Not Found']
www.expressionscatalog.com, |  |  | ['mojoPortal']
www.fansedge.com, |  |  | ['Host Not Found']
www.firecz.com, |  |  | ['Shopify']
www.franceandson.com, |  |  | ['Shopify']
www.freshnless.com, |  |  | ['Shopify']
www.gamestop.com, |  |  | ['Host Not Found']
www.halloweencostumesupplystore.com, |  |  | ['Host Not Found']
www.hautelook.com, |  |  | ['Host Not Found']
www.homeclick.com, |  |  | ['Host Not Found']
www.homedepot.com, |  |  | ['Host Not Found']
www.hottopic.com, |  |  | ['Salesforce Commerce Cloud']
www.houzz.com, |  |  | ['Host Not Found']
www.jcpenney.com, |  |  | ['Host Not Found']
www.jet.com, |  |  | ['Host Not Found']
www.jmbullion.com, |  |  | ['WordPress']
www.johnnyseeds.com, |  |  | ['Salesforce Commerce Cloud']
www.katespade.com, |  |  | ['Salesforce Commerce Cloud']
www.kohls.com, |  |  | ['Host Not Found']
www.kqzyfj.com, |  |  | ['Host Not Found']
www.lechateau.com, |  |  | ['ATG Web Commerce']
www.lulus.com, |  |  | ['Host Not Found']
www.lyst.com, |  |  | ['Host Not Found']
www.macys.com, |  |  | ['Host Not Found']
www.michaelkors.com, |  |  | ['ATG Web Commerce']
www.mrporter.com, |  |  | ['Host Not Found']
www.mrwatch.com, |  |  | ['Host Not Found']
www.naturesjewelry.com, |  |  | ['mojoPortal']
www.net-a-porter.com, |  |  | ['Host Not Found']
www.nordstrom.com, |  |  | ['Host Not Found']
www.nordstromrack.com, |  |  | ['Host Not Found']
www.northstyle.com, |  |  | ['mojoPortal']
www.novica.com, |  |  | ['Host Not Found']
www.oceansmall.net, |  |  | ['BigCommerce']
www.onlinemegamall.com, |  |  | ['Host Not Found']
www.partycheap.com, |  |  | ['Volusion']
www.personalcreations.com, |  |  | ['Host Not Found']
www.personalizationmall.com, |  |  | ['Host Not Found']
www.pyramidcollection.com, |  |  | ['mojoPortal']
www.qvc.com, |  |  | ['Adobe Experience Manager']
www.replacements.com, |  |  | ['Host Not Found']
www.respiratorycarestore.com, |  |  | ['Magento']
www.rosegal.com, |  |  | ['Host Not Found']
www.saksoff5th.com, |  |  | ['Host Not Found']
www.samuelsjewelers.com, |  |  | ['Host Not Found']
www.sarraf.com, |  |  | ['BigCommerce']
www.scoutandnimble.com, |  |  | ['Host Not Found']
www.sears.com, |  |  | ['Adobe Experience Manager']
www.serengeticatalog.com, |  |  | ['Host Not Found']
www.shein.com, |  |  | ['Host Not Found']
www.sportsmanguide.com, |  |  | ['Host Not Found']
www.ssense.com, |  |  | ['Host Not Found']
www.superjeweler.com, |  |  | ['Host Not Found']
www.swimoutlet.com, |  |  | ['Host Not Found']
www.theoutnet.com, |  |  | ['Host Not Found']
www.thestitchery.com, |  |  | ['mojoPortal']
www.timex.com, |  |  | ['Salesforce Commerce Cloud']
www.toryburch.com, |  |  | ['Adobe Experience Manager']
www.underarmour.com, |  |  | ['Host Not Found']
www.unique-vintage.com, |  |  | ['Shopify']
www.walmart.com, |  |  | ['Host Not Found']
www.wayfair.com, |  |  | ['Host Not Found']
www.webstaurantstore.com, |  |  | ['Host Not Found']
www.wholesurgical.com, |  |  | ['Magento']
www.worldmarket.com, |  |  | ['Host Not Found']
www.yandy.com, |  |  | ['Host Not Found']
www.yoox.com, |  |  | ['Host Not Found']
www.zappos.com, |  |  | ['Host Not Found']
www.zazzle.com, |  |  | ['Host Not Found']
www.zulily.com, |  |  | ['Magento']
acdecor.biz, |  |  | ['Requested Url Was Unavailable']
brandsvice.com, |  |  | ['WordPress']
coveti.com, |  |  | ['WordPress']
gg-decor.com, |  |  | ['Host Not Found']
goop.com, |  |  | ['WordPress']
ironandresin.com, |  |  | ['Shopify']
shop.bikini.com, |  |  | ['Shopify']
steelfitusa.com, |  |  | ['WordPress']
store12373258.ecwid.com, |  |  | ['Host Not Found']
withyoulockets.com, |  | ['Shopify']
www.PointGems.com, |  | ['Host Not Found']
www.alphabetdeal.com, |  |  | ['Host Not Found']
www.amijag.com, |  |  | ['Magento']
www.balfour.com, |  |  | ['SiteCore']
www.blomdahlusa.com, |  |  | ['BigCommerce']
www.chicksaddlery.com, |  |  | ['Miva Merchant']
www.cjponyparts.com, |  |  | ['Requested Url Was Unavailable']
www.costbuys.com, |  |  | ['BigCommerce']
www.dhgate.com, |  |  | ['Host Not Found']
www.discountmugs.com, |  |  | ['Host Not Found']
www.gearthirty.com, |  |  | ['Lightspeed']
www.hayneedle.com, |  |  | ['Host Not Found']
www.hibbett.com, |  |  | ['Salesforce Commerce Cloud']
www.homedepot.com, |  |  | ['Host Not Found']
www.italist.com, |  |  | ['Host Not Found']
www.jewelryshopping.com, |  |  | ['Host Not Found']
www.juwelo.com, |  |  | ['Magento']
www.marketcol.com, |  |  | ['Shopify']
www.marksandspencer.com, |  |  | ['Host Not Found']
www.martyre.com, |  |  | ['Shopify']
www.rivalworld.com, |  |  | ['Shopify']
www.ruelala.com, |  |  | ['Host Not Found']
www.thepearlsource.com, |  |  | ['Host Not Found']
www.therealreal.com, |  |  | ['CS-Cart']
www.tillys.com, |  |  | ['Salesforce Commerce Cloud']
www.trouva.com, |  |  | ['Host Not Found']
www.wegotjewels.com, |  |  | ['WordPress']
www.frenchconnection.com, |  |  | ['Host Not Found']
www.ssense.com, |  |  | ['Host Not Found']
www.stylebop.com, |  |  | ['Host Not Found']
