brittandjules.com, |  |  | ['Shopify']
linksoul.com, |  |  | ['Shopify']
livingsocial.com, |  |  | ['Host Not Found']
samsclub.com, |  |  | ['Host Not Found']
store.yahoo.com, |  |  | ['Host Not Found']
store.yahoo.com, |  |  | ['Host Not Found']
www.Adorama.com, |  |  | ['Host Not Found']
www.Campmor.com, |  |  | ['Shopify']
www.amazon.com, |  |  | ['Host Not Found']
www.amazon.com, |  |  | ['Host Not Found']
www.backcountry.com, |  |  | ['ATG Web Commerce']
www.basspro.com, |  |  | ['Host Not Found']
www.beallsflorida.com, |  |  | ['Host Not Found']
www.belk.com, |  |  | ['Salesforce Commerce Cloud']
www.brownells.com, |  |  | ['mojoPortal']
www.cavenders.com, |  |  | ['Salesforce Commerce Cloud']
www.classicshapewear.com, |  |  | ['osCommerce']
www.crazycarlsdeals.com, |  |  | ['Host Not Found']
www.deepdiscount.com, |  |  | ['Host Not Found']
www.doversaddlery.com, |  |  | ['Host Not Found']
www.emerchantoutlet.com, |  |  | ['Host Not Found']
www.familyleisure.com, |  |  | ['CS-Cart']
www.halloweencostumes.com, |  |  | ['Host Not Found']
www.homedepot.com, |  |  | ['Host Not Found']
www.kohls.com, |  |  | ['Host Not Found']
www.llbean.com, |  |  | ['IBM Websphere Commerce']
www.oceansmall.net, |  |  | ['BigCommerce']
www.sears.com, |  |  | ['Adobe Experience Manager']
www.sportsmanguide.com, |  |  | ['Host Not Found']
www.ssense.com, |  |  | ['Host Not Found']
www.swimoutlet.com, |  |  | ['Host Not Found']
www.the-house.com, |  |  | ['Host Not Found']
www.titlenine.com, |  |  | ['Host Not Found']
www.underarmour.com, |  |  | ['Host Not Found']
www.walmart.com, |  |  | ['Host Not Found']
www.wayfair.com, |  |  | ['Host Not Found']
www.wholesurgical.com, |  |  | ['Magento']
ironandresin.com, |  |  | ['Shopify']
www.campsaver.com, |  |  | ['Host Not Found']
www.costbuys.com, |  |  | ['BigCommerce']
www.costway.com, |  |  | ['Magento']
www.epicpetster.com, |  |  | ['WordPress']
www.homedepot.com, |  |  | ['Host Not Found']
www.sportsmans.com, |  |  | ['Host Not Found']
www.trouva.com, |  |  | ['Host Not Found']
