gate4great.info, |  |  | ['Host Not Found']
livingsocial.com, |  |  | ['Host Not Found']
poshmark.com, |  |  | ['Host Not Found']
samsclub.com, |  |  | ['Host Not Found']
www.Adorama.com, |  |  | ['Host Not Found']
www.DrsFosterSmith.com, |  |  | ['Host Not Found']
www.LambertVetSupply.com, |  |  | ['3dcart']
www.PulseTV.com, |  |  | ['Host Not Found']
www.allivet.com, |  |  | ['Host Not Found']
www.amazon.com, |  |  | ['Host Not Found']
www.amazon.com, |  |  | ['Host Not Found']
www.autogeek.net, |  |  | ['Yahoo Small Business']
www.autopia-carcare.com, |  |  | ['Yahoo Small Business']
www.basspro.com, |  |  | ['Host Not Found']
www.birchbox.com, |  |  | ['Host Not Found']
www.boscovs.com, |  |  | ['IBM Websphere Commerce']
www.brownells.com, |  |  | ['mojoPortal']
www.chewy.com, |  |  | ['Host Not Found']
www.doversaddlery.com, |  |  | ['Host Not Found']
www.emerchantoutlet.com, |  |  | ['Host Not Found']
www.factoryoutletstore.com, |  |  | ['Shopify']
www.groupon.com, |  |  | ['Host Not Found']
www.homedepot.com, |  |  | ['Host Not Found']
www.jcpenney.com, |  |  | ['Host Not Found']
www.kohls.com, |  |  | ['Host Not Found']
www.macys.com, |  |  | ['Host Not Found']
www.newegg.com, |  |  | ['Host Not Found']
www.nordstrom.com, |  |  | ['Host Not Found']
www.onlinemegamall.com, |  |  | ['Host Not Found']
www.petco.com, |  |  | ['IBM Websphere Commerce']
www.petfenceusa.com, |  |  | ['Shopify']
www.petsupplies4less.com, |  |  | ['3dcart']
www.qvc.com, |  |  | ['Adobe Experience Manager']
www.sears.com, |  |  | ['Adobe Experience Manager']
www.shelhealth.com, |  |  | ['Shopify']
www.stomabags.com, |  |  | ['Magento']
www.tschome.com, |  |  | ['Yahoo Small Business']
www.tscshops.com, |  |  | ['Requested Url Was Unavailable']
www.valleyvet.com, |  |  | ['Host Not Found']
www.walmart.com, |  |  | ['Host Not Found']
www.wayfair.com, |  |  | ['Host Not Found']
www.whateverworks.com, |  |  | ['mojoPortal']
www.wholesurgical.com, |  |  | ['Magento']
www.zulily.com, |  |  | ['Magento']
bargainjunkie.com, |  |  | ['Shopify']
shaveroutlet.com, |  | ['Magento']
www.MostlyDead.com, |  |  | ['Shopify']
www.chicksaddlery.com, |  |  | ['Miva Merchant']
www.entirelypets.com, |  |  | ['Yahoo Small Business']
www.epicpetster.com, |  |  | ['WordPress']
www.hayneedle.com, |  |  | ['Host Not Found']
www.homedepot.com, |  |  | ['Host Not Found']
www.homeshoppingmalls.com, |  |  | ['Magento']
www.manscaped.com, |  | ['Shopify']
www.pandasuperstore.com, |  |  | ['Magento']
www.pethoot.com, |  |  | ['Host Not Found']
www.puritan.com, |  |  | ['Host Not Found']
