clickserve.cc-dt.com, |  |  | ['Host Not Found']
poshmark.com, |  |  | ['Host Not Found']
soccer.epicsports.com, |  |  | ['Host Not Found']
store.yahoo.com, |  |  | ['Host Not Found']
store.yahoo.com, |  |  | ['Host Not Found']
www.Campmor.com, |  |  | ['Shopify']
www.amazon.com, |  |  | ['Host Not Found']
www.amazon.com, |  |  | ['Host Not Found']
www.backcountry.com, |  |  | ['ATG Web Commerce']
www.basspro.com, |  |  | ['Host Not Found']
www.beallsflorida.com, |  |  | ['Host Not Found']
www.belk.com, |  |  | ['Salesforce Commerce Cloud']
www.blueandcream.com, |  |  | ['Miva Merchant']
www.coolibar.com, |  |  | ['Magento']
www.cyberteez.com, |  |  | ['Shopify']
www.deepdiscount.com, |  |  | ['Host Not Found']
www.emerchantoutlet.com, |  |  | ['Host Not Found']
www.everythingbutwater.com, |  |  | ['Host Not Found']
www.fansedge.com, |  |  | ['Host Not Found']
www.halloweencostumesupplystore.com, |  |  | ['Host Not Found']
www.hautelook.com, |  |  | ['Host Not Found']
www.herroom.com, |  |  | ['Host Not Found']
www.kinkytoy.store, |  |  | ['Shopify']
www.kohls.com, |  |  | ['Host Not Found']
www.landsend.com, |  |  | ['Host Not Found']
www.layoffpain.com, |  |  | ['Magento']
www.llbean.com, |  |  | ['IBM Websphere Commerce']
www.lyst.com, |  |  | ['Host Not Found']
www.macys.com, |  |  | ['Host Not Found']
www.mountainsteals.com, |  |  | ['IBM Websphere Commerce']
www.nordstrom.com, |  |  | ['Host Not Found']
www.nordstromrack.com, |  |  | ['Host Not Found']
www.oceansmall.net, |  |  | ['BigCommerce']
www.peterglenn.com, |  |  | ['Drupal']
www.pyramidcollection.com, |  |  | ['mojoPortal']
www.respiratorycarestore.com, |  |  | ['Magento']
www.sears.com, |  |  | ['Adobe Experience Manager']
www.serengeticatalog.com, |  |  | ['Host Not Found']
www.speedousa.com, |  |  | ['IBM Websphere Commerce']
www.ssense.com, |  |  | ['Host Not Found']
www.swimoutlet.com, |  |  | ['Host Not Found']
www.the-house.com, |  |  | ['Host Not Found']
www.theoutnet.com, |  |  | ['Host Not Found']
www.thredup.com, |  |  | ['Host Not Found']
www.titlenine.com, |  |  | ['Host Not Found']
www.tommybahama.com, |  |  | ['Adobe Experience Manager']
www.walmart.com, |  |  | ['Host Not Found']
www.wholesurgical.com, |  |  | ['Magento']
www.yoox.com, |  |  | ['Host Not Found']
www.zappos.com, |  |  | ['Host Not Found']
www.zulily.com, |  |  | ['Magento']
ironandresin.com, |  |  | ['Shopify']
shop.bikini.com, |  |  | ['Shopify']
us.glidesoul.com, |  |  | ['Shopify']
www.big5sportinggoods.com, |  |  | ['ATG Web Commerce']
www.campsaver.com, |  |  | ['Host Not Found']
www.costbuys.com, |  |  | ['BigCommerce']
www.hibbett.com, |  |  | ['Salesforce Commerce Cloud']
www.marksandspencer.com, |  |  | ['Host Not Found']
www.mountainwarehouse.com, |  |  | ['Host Not Found']
www.shoes.com, |  |  | ['Host Not Found']
www.therealreal.com, |  |  | ['CS-Cart']
www.tillys.com, |  |  | ['Salesforce Commerce Cloud']
www.trouva.com, |  |  | ['Host Not Found']
