bluebath.com, |  |  | ['Magento']
brittandjules.com, |  |  | ['Shopify']
buymbs.com, |  |  | ['AspDotNetStorefront']
gate4great.info, |  |  | ['Host Not Found']
livingsocial.com, |  |  | ['Host Not Found']
my-bio-zen.com, |  |  | ['Host Not Found']
newlinkz.com, |  |  | ['WordPress']
parkseed.com, |  |  | ['Host Not Found']
poshmark.com, |  |  | ['Host Not Found']
samsclub.com, |  |  | ['Host Not Found']
shop.mlb.com, |  |  | ['Host Not Found']
software-now.com, |  |  | ['Host Not Found']
www.Adorama.com, |  |  | ['Host Not Found']
www.CB2.com, |  |  | ['Host Not Found']
www.CenturyNovelty.com, |  |  | ['Shopify']
www.DrsFosterSmith.com, |  |  | ['Host Not Found']
www.PartySpin.com, |  |  | ['Volusion']
www.allposters.com, |  |  | ['Host Not Found']
www.amazon.com, |  |  | ['Host Not Found']
www.amazon.com, |  |  | ['Host Not Found']
www.autoanything.com, |  |  | ['Requested Url Was Unavailable']
www.autogeek.net, |  |  | ['Yahoo Small Business']
www.backinthesaddle.com, |  |  | ['mojoPortal']
www.ballarddesigns.com, |  |  | ['IBM Websphere Commerce']
www.basspro.com, |  |  | ['Host Not Found']
www.beallsflorida.com, |  |  | ['Host Not Found']
www.beddingstyle.com, |  |  | ['Host Not Found']
www.belk.com, |  |  | ['Salesforce Commerce Cloud']
www.bizchair.com, |  |  | ['Salesforce Commerce Cloud']
www.blair.com, |  |  | ['Host Not Found']
www.bluefly.com, |  |  | ['Shopify']
www.boscovs.com, |  |  | ['IBM Websphere Commerce']
www.brownells.com, |  |  | ['mojoPortal']
www.build.com, |  |  | ['Host Not Found']
www.charlotterusse.com, |  |  | ['Shopify']
www.countrystorecatalog.com, |  |  | ['mojoPortal']
www.crateandbarrel.com, |  |  | ['Host Not Found']
www.cymax.com, |  |  | ['Host Not Found']
www.deepdiscount.com, |  |  | ['Host Not Found']
www.displays2go.com, |  |  | ['Host Not Found']
www.doversaddlery.com, |  |  | ['Host Not Found']
www.efaucets.com, |  |  | ['Host Not Found']
www.expressionscatalog.com, |  |  | ['mojoPortal']
www.fansedge.com, |  |  | ['Host Not Found']
www.faucetdirect.com?, |  |  | ['Host Not Found']
www.finelinens.com, |  |  | ['Magento']
www.freshnless.com, |  |  | ['Shopify']
www.frontgate.com, |  |  | ['IBM Websphere Commerce']
www.gliks.com, |  |  | ['Shopify']
www.groupon.com, |  |  | ['Host Not Found']
www.haband.com, |  |  | ['Host Not Found']
www.halloweencostumesupplystore.com, |  |  | ['Host Not Found']
www.highfashionhome.com, |  |  | ['Shopify']
www.homeclick.com, |  |  | ['Host Not Found']
www.homedepot.com, |  |  | ['Host Not Found']
www.houzz.com, |  |  | ['Host Not Found']
www.jcpenney.com, |  |  | ['Host Not Found']
www.katom.com, |  |  | ['Laravel']
www.kmart.com, |  |  | ['Adobe Experience Manager']
www.kohls.com, |  |  | ['Host Not Found']
www.lampsplus.com, |  |  | ['Host Not Found']
www.landofnod.com, |  |  | ['Host Not Found']
www.layoffpain.com, |  |  | ['Magento']
www.lightingdirect.com, |  |  | ['Host Not Found']
www.lockandhinge.com, |  |  | ['BigCommerce']
www.macys.com, |  |  | ['Host Not Found']
www.magellans.com, |  |  | ['mojoPortal']
www.mobilityequip.com, |  |  | ['Magento']
www.musiciansfriend.com, |  |  | ['Host Not Found']
www.novica.com, |  |  | ['Host Not Found']
www.oceansmall.net, |  |  | ['BigCommerce']
www.officesupersavers.com, |  |  | ['Host Not Found']
www.partycheap.com, |  |  | ['Volusion']
www.qvc.com, |  |  | ['Adobe Experience Manager']
www.respiratorycarestore.com, |  |  | ['Magento']
www.ritzcamera.com, |  |  | ['Magento']
www.scoutandnimble.com, |  |  | ['Host Not Found']
www.sears.com, |  |  | ['Adobe Experience Manager']
www.shein.com, |  |  | ['Host Not Found']
www.shindigz.com, |  |  | ['Host Not Found']
www.signaturehardware.com, |  |  | ['Magento']
www.society6.com, |  |  | ['Host Not Found']
www.sportsmanguide.com, |  |  | ['Host Not Found']
www.ssense.com, |  |  | ['Host Not Found']
www.stomabags.com, |  |  | ['Magento']
www.stumpsparty.com, |  |  | ['Host Not Found']
www.surrounding.com, |  |  | ['Host Not Found']
www.thestitchery.com, |  |  | ['mojoPortal']
www.totallyfurniture.com, |  |  | ['Magento']
www.touchofclass.com, |  |  | ['Host Not Found']
www.tschome.com, |  |  | ['Yahoo Small Business']
www.tscshops.com, |  |  | ['Requested Url Was Unavailable']
www.vandykes.com, |  |  | ['Host Not Found']
www.vidaxl.com, |  |  | ['Magento']
www.walmart.com, |  |  | ['Host Not Found']
www.wayfair.com, |  |  | ['Host Not Found']
www.webstaurantstore.com, |  |  | ['Host Not Found']
www.whateverworks.com, |  |  | ['mojoPortal']
www.wholesalebeddings.com, |  |  | ['BigCommerce']
www.wholesurgical.com, |  |  | ['Magento']
www.workoutz.com, |  |  | ['Magento']
www.worldmarket.com, |  |  | ['Host Not Found']
www.yoox.com, |  |  | ['Host Not Found']
www.zappos.com, |  |  | ['Host Not Found']
www.zazzle.com, |  |  | ['Host Not Found']
www.zoro.com, |  |  | ['Host Not Found']
www.zoro1.com, |  |  | ['Host Not Found']
www.zulily.com, |  |  | ['Magento']
gg-decor.com, |  |  | ['Host Not Found']
modelights.com, |  |  | ['Host Not Found']
proxytee.com, |  |  | ['Requested Url Was Unavailable']
renewgoo.com, |  |  | ['Shopify']
store12373258.ecwid.com, |  |  | ['Host Not Found']
thevacuumfactory.com, |  |  | ['WordPress']
www.alphabetdeal.com, |  |  | ['Host Not Found']
www.amara.com, |  |  | ['Host Not Found']
www.aosom.com, |  |  | ['Host Not Found']
www.chicksaddlery.com, |  |  | ['Miva Merchant']
www.cjponyparts.com, |  |  | ['Requested Url Was Unavailable']
www.costway.com, |  |  | ['Magento']
www.epicpetster.com, |  |  | ['WordPress']
www.hayneedle.com, |  |  | ['Host Not Found']
www.hexbug.com, |  |  | ['Magento']
www.homedepot.com, |  |  | ['Host Not Found']
www.homeshoppingmalls.com, |  |  | ['Magento']
www.homesquare.com, |  |  | ['Host Not Found']
www.hotelrestaurantsupply.com, |  |  | ['Miva Merchant']
www.lightbulbs.com, |  |  | ['Host Not Found']
www.marketcol.com, |  |  | ['Shopify']
www.marksandspencer.com, |  |  | ['Host Not Found']
www.mileskimball.com, |  |  | ['Host Not Found']
www.pandasuperstore.com, |  |  | ['Magento']
www.ruelala.com, |  |  | ['Host Not Found']
www.therealreal.com, |  |  | ['CS-Cart']
www.trouva.com, |  |  | ['Host Not Found']
www.zgallerie.com, |  |  | ['AspDotNetStorefront']
modernnest.com, |  |  | ['Host Not Found']
