gurneys.com, | ['Host Not Found']
poshmark.com, | ['Host Not Found']
strongsupplementshop.com, | ['Magento']
www.allposters.com, | ['Host Not Found']
www.amazon.com, | ['Host Not Found']
www.americanbookwarehouse.com, | ['BigCommerce']
www.aninebing.com, | ['Shopify']
www.basspro.com, | ['Host Not Found']
www.deepdiscount.com, | ['Host Not Found']
www.elephantwine.com, | ['Host Not Found']
www.emerchantoutlet.com, | ['Host Not Found']
www.fitzulas.com, | ['Miva Merchant']
www.freshnless.com, | ['Shopify']
www.macys.com, | ['Host Not Found']
www.musiciansfriend.com, | ['Host Not Found']
www.naturesjewelry.com, | ['mojoPortal']
www.net-a-porter.com, | ['Host Not Found']
www.oceansmall.net, | ['BigCommerce']
www.personalcreations.com, | ['Host Not Found']
www.personalizationmall.com, | ['Host Not Found']
www.sportscollectibles.com, | ['Host Not Found']
www.vivaterra.com, | ['Hybris']
www.walmart.com, | ['Host Not Found']
www.wayfair.com, | ['Host Not Found']
www.zazzle.com, | ['Host Not Found']
AutographsForSale.com, | ['Yahoo Small Business']
www.costbuys.com, | ['BigCommerce']
www.fun.com, | ['Host Not Found']
www.ruelala.com, | ['Host Not Found']
www.secondsale.com, | ['PrestaShop']
www.tillys.com, | ['Salesforce Commerce Cloud']
www.trouva.com, | ['Host Not Found']
