https://w3techs.com/sites/info/,
https://w3techs.com/sites/info/amerilifevitamin.com,Yahoo! Small Business
https://w3techs.com/sites/info/bakersauthority.com,Shopify
https://w3techs.com/sites/info/bluebath.com,Magento
https://w3techs.com/sites/info/brittandjules.com,Shopify
https://w3techs.com/sites/info/buymbs.com,AspDotNetStorefront
https://w3techs.com/sites/info/critpro.com,Bigcommerce
https://w3techs.com/sites/info/gate4great.info,
https://w3techs.com/sites/info/holabirdsports.com,Shopify
https://w3techs.com/sites/info/lidonumb.com,WordPress | WooCommerce
https://w3techs.com/sites/info/livingsocial.com,
https://w3techs.com/sites/info/my-bio-zen.com,
https://w3techs.com/sites/info/parkseed.com,
https://w3techs.com/sites/info/poshmark.com,
https://w3techs.com/sites/info/rollgahealth.mybigcommerce.com,
https://w3techs.com/sites/info/samsclub.com,
https://w3techs.com/sites/info/soccer.epicsports.com,
https://w3techs.com/sites/info/store.yahoo.com,
https://w3techs.com/sites/info/www.Adorama.com,
