poshmark.com, | ['Host Not Found']
www.allposters.com, | ['Host Not Found']
www.amazon.com, | ['Host Not Found']
www.americanbookwarehouse.com, | ['BigCommerce']
www.belk.com, | ['Salesforce Commerce Cloud']
www.deepdiscount.com, | ['Host Not Found']
www.halloweencostumesupplystore.com, | ['Host Not Found']
www.shindigz.com, | ['Host Not Found']
www.stumpsparty.com, | ['Host Not Found']
www.walmart.com, | ['Host Not Found']
www.winechateau.com, | ['Shopify']
www.MostlyDead.com, | ['Shopify']
www.fun.com, | ['Host Not Found']
