discountdecorativeflags.com, | ['BigCommerce']
poshmark.com, | ['Host Not Found']
www.allposters.com, | ['Host Not Found']
www.amazon.com, | ['Host Not Found']
www.basspro.com, | ['Host Not Found']
www.belk.com, | ['Salesforce Commerce Cloud']
www.cavenders.com, | ['Salesforce Commerce Cloud']
www.christianbookbag.com, | ['3dcart']
www.deepdiscount.com, | ['Host Not Found']
www.directvapor.com, | ['Magento']
www.fitzulas.com, | ['Miva Merchant']
www.gliks.com, | ['Shopify']
www.interstatemusic.com, | ['Host Not Found']
www.lightingdirect.com, | ['Host Not Found']
www.mobilityequip.com, | ['Magento']
www.musiciansfriend.com, | ['Host Not Found']
www.net-a-porter.com, | ['Host Not Found']
www.personalcreations.com, | ['Host Not Found']
www.personalizationmall.com, | ['Host Not Found']
www.ssense.com, | ['Host Not Found']
www.walmart.com, | ['Host Not Found']
www.wayfair.com, | ['Host Not Found']
www.zazzle.com, | ['Host Not Found']
daytshirt.com, | ['WordPress']
www.cozzoo.com, | ['PrestaShop']
www.fun.com, | ['Host Not Found']
www.homedepot.com, | ['Host Not Found']
www.secondsale.com, | ['PrestaShop']
www.springhillnursery.com, | ['Host Not Found']
www.trouva.com, | ['Host Not Found']
