brittandjules.com, | ['Shopify']
discountdecorativeflags.com, | ['BigCommerce']
gate4great.info, | ['Host Not Found']
poshmark.com, | ['Host Not Found']
shop.mlb.com, | ['Host Not Found']
www.BarristerBooks.com, | ['Magento']
www.Educents.com, | ['Requested Url Was Unavailable']
www.Fanatics.com, | ['Host Not Found']
www.allposters.com, | ['Host Not Found']
www.amazon.com, | ['Host Not Found']
www.americanbookwarehouse.com, | ['BigCommerce']
www.backinthesaddle.com, | ['mojoPortal']
www.basspro.com, | ['Host Not Found']
www.boscovs.com, | ['IBM Websphere Commerce']
www.build.com, | ['Host Not Found']
www.chewy.com, | ['Host Not Found']
