livingsocial.com, | ['Host Not Found']
poshmark.com, | ['Host Not Found']
store.yahoo.com, | ['Host Not Found']
www.Adorama.com, | ['Host Not Found']
www.abt.com, | ['Host Not Found']
www.amazon.com, | ['Host Not Found']
www.autoanything.com, | ['Requested Url Was Unavailable']
www.basspro.com, | ['Host Not Found']
www.bhphotovideo.com, | ['Host Not Found']
www.bossaudio.com, | ['WordPress']
www.crazycarlsdeals.com, | ['Host Not Found']
www.crutchfield.com, | ['Host Not Found']
www.emerchantoutlet.com, | ['Host Not Found']
www.homedepot.com, | ['Host Not Found']
www.houzz.com, | ['Host Not Found']
www.musiciansfriend.com, | ['Host Not Found']
www.oceansmall.net, | ['BigCommerce']
www.peazz.com, | ['Host Not Found']
www.sonicelectronix.com, | ['Host Not Found']
www.sweetwater.com, | ['Host Not Found']
www.tschome.com, | ['Yahoo Small Business']
www.walmart.com, | ['Host Not Found']
www.wholesurgical.com, | ['Magento']
www.cjponyparts.com, | ['Requested Url Was Unavailable']
www.dhgate.com, | ['Host Not Found']
www.invertersupply.com, | ['Host Not Found']
