clickserve.cc-dt.com, | ['Host Not Found']
critpro.com, | ['BigCommerce']
gate4great.info, | ['Host Not Found']
livingsocial.com, | ['Host Not Found']
poshmark.com, | ['Host Not Found']
store.yahoo.com, | ['Host Not Found']
thenorthface.com, | ['IBM Websphere Commerce']
www.Adorama.com, | ['Host Not Found']
www.Campmor.com, | ['Shopify']
www.CatalogFavorites.com, | ['mojoPortal']
www.MidwayUSA.com, | ['Host Not Found']
www.SchoolOutfitters.com, | ['Host Not Found']
www.amazon.com, | ['Host Not Found']
www.appoutdoors.com, | ['Host Not Found']
www.backcountry.com, | ['ATG Web Commerce']
www.basspro.com, | ['Host Not Found']
www.bizchair.com, | ['Salesforce Commerce Cloud']
www.brownells.com, | ['mojoPortal']
www.crazycarlsdeals.com, | ['Host Not Found']
www.deepdiscount.com, | ['Host Not Found']
www.emerchantoutlet.com, | ['Host Not Found']
www.everestgear.com, | ['Yahoo Small Business']
www.freshwatersystems.com, | ['Shopify']
www.halloweencostumesupplystore.com, | ['Host Not Found']
www.homedepot.com, | ['Host Not Found']
www.kohls.com, | ['Host Not Found']
www.kotulas.com, | ['IBM Websphere Commerce']
www.mobilityequip.com, | ['Magento']
www.mountainsteals.com, | ['IBM Websphere Commerce']
www.musiciansfriend.com, | ['Host Not Found']
www.northerntool.com, | ['IBM Websphere Commerce']
www.oceansmall.net, | ['BigCommerce']
www.overstock.com, | ['Host Not Found']
www.pyramidcollection.com, | ['mojoPortal']
www.sawesometoys.com, | ['Magento']
www.sportsmanguide.com, | ['Host Not Found']
www.sportsmanslogistics.com, | ['BigCommerce']
www.ssense.com, | ['Host Not Found']
www.stomabags.com, | ['Magento']
www.walmart.com, | ['Host Not Found']
www.wayfair.com, | ['Host Not Found']
www.webstaurantstore.com, | ['Host Not Found']
www.wholesurgical.com, | ['Magento']
www.woundtx.com, | ['Magento']
www.zappos.com, | ['Host Not Found']
www.zoro.com, | ['Host Not Found']
pstpoolsupplies.com, | ['BigCommerce']
renewgoo.com, | ['Shopify']
www.campsaver.com, | ['Host Not Found']
www.chicksaddlery.com, | ['Miva Merchant']
www.costway.com, | ['Magento']
www.gearthirty.com, | ['Lightspeed']
www.hlsproparts.com, | ['Volusion']
www.homeshoppingmalls.com, | ['Magento']
www.secondsale.com, | ['PrestaShop']
www.sportsmans.com, | ['Host Not Found']
www..jencowholesale.com, | ['Shopify']
